ecut,nkpts,alat,energy,total_force,run_time
40.0,168.0,5.42,-111.49425054,0.0,
40.0,266.0,5.42,-111.49453177,0.0,
40.0,384.0,5.42,-111.49467281,0.0,
40.0,540.0,5.42,-111.49474839,0.0,
40.0,740.0,5.42,-111.49479047,0.0,
40.0,968.0,5.42,-111.49481314,0.0,
40.0,1248.0,5.42,-111.49482495,0.0,
40.0,1586.0,5.42,-111.49483091,0.0,
40.0,1960.0,5.42,-111.49483371,0.0,
