ecut,nkpts,alat,energy,total_force,run_time
40.0,168.0,5.42,-111.49865334,0.0,
40.0,266.0,5.42,-111.49894736,0.0,
40.0,384.0,5.42,-111.49908831,0.0,
40.0,540.0,5.42,-111.49916112,0.0,
40.0,740.0,5.42,-111.49920077,0.0,
40.0,968.0,5.42,-111.49922181,0.0,
40.0,1248.0,5.42,-111.49923254,0.0,
40.0,1586.0,5.42,-111.49923767,0.0,
40.0,1960.0,5.42,-111.49923992,0.0,
