ecut,nkpts,alat,energy,total_force,run_time
80.0,75.0,7.49,-364.95739666,8.5e-05,
80.0,75.0,7.49,-364.95739666,7.6e-05,
80.0,75.0,7.49,-364.95739666,6.8e-05,
