ecut,nkpts,alat,energy,total_force,run_time
30.0,480.0,7.605,-37.02183492,0.0,
40.0,480.0,7.605,-37.02327001,0.0,
50.0,480.0,7.605,-37.02341618,0.0,
