nkpts,alat,energy,total_force,ecut
45.0,7.605,-99.58650194,0.001684,30.0
45.0,7.605,-99.58101384,0.001205,30.0
45.0,7.605,-99.58078393,0.007267,30.0
