nkpts,alat,energy,total_force,ecut
45.0,7.605,-49.71123594,7e-06,30.0
45.0,7.605,-99.58094217,0.001163,30.0
45.0,7.605,-149.44626427,0.001668,30.0
45.0,7.605,-199.3242109,0.001903,80.0
45.0,7.605,-249.1678621,0.001434,30.0
45.0,7.605,-299.03112231,0.002159,30.0
